accuracy,precision,recall_sensitivity,specificity,f1_score,roc_auc,tp,tn,fp,fn,model_name,training_time_sec
0.5959142999501744,0.4952185792349727,0.9096612296110415,0.38925619834710745,0.6413091552410438,0.7848948017876956,725,471,739,72,VGG19,38063.02656316757
0.7010463378176383,0.5931882686849574,0.7867001254705144,0.6446280991735537,0.6763754045307443,0.77939691197362,627,780,430,170,ResNet50V2,12151.002665996552
0.6945690084703537,0.6072261072261073,0.6537013801756587,0.7214876033057851,0.629607250755287,0.7628430996401795,521,873,337,276,Xception,13748.989804029465
0.6880916791230692,0.7060240963855422,0.36762860727728985,0.8991735537190083,0.4834983498349835,0.7608428300341155,293,1088,122,504,DenseNet201,12575.267961740494
0.6955655206776283,0.618020304568528,0.6110414052697616,0.7512396694214876,0.6145110410094637,0.7483564399556186,487,909,301,310,InceptionV3,6946.943996191025
0.643248629795715,0.7718120805369127,0.14429109159347553,0.971900826446281,0.24312896405919662,0.7435341207213,115,1176,34,682,MobileNetV2,3890.1359419822693
0.587942202291978,0.4893162393162393,0.8619824341279799,0.40743801652892564,0.6242616992276238,0.7407136265126456,687,493,717,110,VGG16,28844.40567469597
0.6836073741903338,0.6411149825783972,0.4617314930991217,0.8297520661157025,0.536834427425237,0.736413409790848,368,1004,206,429,DenseNet121,8799.848836898804
0.669157947184853,0.6658354114713217,0.33500627352572143,0.8892561983471075,0.44574290484140233,0.72163796053382,267,1076,134,530,EfficientNetB0,4099.367135763168
